Id,Name,Name_kana,Email
"MS001","重要なお知らせ1","フリガナ1","tranvan1@gmail.com"
"MS002","重要なお知らせ2","フリガナ2","tranvan2@gmail.com"
"MS003","重要なお知らせ3","フリガナ3","tranvan3@gmail.com"
"MS004","重要なお知らせ4","フリガナ4","tranvan4@gmail.com"
"MS005","重要なお知らせ5","フリガナ5","tranvan5@gmail.com"
"MS006","重要なお知らせ6","フリガナ6","tranvan6@gmail.com"
"MS007","重要なお知らせ7","フリガナ7","tranvan7@gmail.com"
"MS008","重要なお知らせ8","フリガナ8","tranvan8@gmail.com"
"MS009","重要なお知らせ9","フリガナ9","tranvan9@gmail.com"
"MS0010","重要なお知らせ10","フリガナ10","tranvan10@gmail.com"
"MS0011","重要なお知らせ11","フリガナ11","tranvan11@gmail.com"
"MS0012","重要なお知らせ12","フリガナ12","tranvan12@gmail.com"
"MS0013","重要なお知らせ13","フリガナ13","tranvan13@gmail.com"
"MS0014","重要なお知らせ14","フリガナ14","tranvan14@gmail.com"
"MS0015","重要なお知らせ15","フリガナ15","tranvan15@gmail.com"
"MS0016","重要なお知らせ16","フリガナ16","tranvan16@gmail.com"
"MS0017","重要なお知らせ17","フリガナ17","tranvan17@gmail.com"
"MS0018","重要なお知らせ18","フリガナ18","tranvan18@gmail.com"
"MS0019","重要なお知らせ19","フリガナ19","tranvan19@gmail.com"
"MS0020","重要なお知らせ20","フリガナ20","tranvan20@gmail.com"
"MS0021","重要なお知らせ21","フリガナ21","tranvan21@gmail.com"
"MS0022","重要なお知らせ22","フリガナ22","tranvan22@gmail.com"
"MS0023","重要なお知らせ23","フリガナ23","tranvan23@gmail.com"
"MS0024","重要なお知らせ24","フリガナ24","tranvan24@gmail.com"
"MS0025","重要なお知らせ25","フリガナ25","tranvan25@gmail.com"
"MS0026","重要なお知らせ26","フリガナ26","tranvan26@gmail.com"
"MS0027","重要なお知らせ27","フリガナ27","tranvan27@gmail.com"
"MS0028","重要なお知らせ28","フリガナ28","tranvan28@gmail.com"
"MS0029","重要なお知らせ29","フリガナ29","tranvan29@gmail.com"
"MS0030","重要なお知らせ30","フリガナ30","tranvan30@gmail.com"
"MS0031","重要なお知らせ31","フリガナ31","tranvan31@gmail.com"
"MS0032","重要なお知らせ32","フリガナ32","tranvan32@gmail.com"
"MS0033","重要なお知らせ33","フリガナ33","tranvan33@gmail.com"
"MS0034","重要なお知らせ34","フリガナ34","tranvan34@gmail.com"
"MS0035","重要なお知らせ35","フリガナ35","tranvan35@gmail.com"
"MS0036","重要なお知らせ36","フリガナ36","tranvan36@gmail.com"
"MS0037","重要なお知らせ37","フリガナ37","tranvan37@gmail.com"
"MS0038","重要なお知らせ38","フリガナ38","tranvan38@gmail.com"
"MS0039","重要なお知らせ39","フリガナ39","tranvan39@gmail.com"
"MS0040","重要なお知らせ40","フリガナ40","tranvan40@gmail.com"
"MS0041","重要なお知らせ41","フリガナ41","tranvan41@gmail.com"
"MS0042","重要なお知らせ42","フリガナ42","tranvan42@gmail.com"
"MS0043","重要なお知らせ43","フリガナ43","tranvan43@gmail.com"
"MS0044","重要なお知らせ44","フリガナ44","tranvan44@gmail.com"
"MS0045","重要なお知らせ45","フリガナ45","tranvan45@gmail.com"
"MS0046","重要なお知らせ46","フリガナ46","tranvan46@gmail.com"
"MS0047","重要なお知らせ47","フリガナ47","tranvan47@gmail.com"
"MS0048","重要なお知らせ48","フリガナ48","tranvan48@gmail.com"
"MS0049","重要なお知らせ49","フリガナ49","tranvan49@gmail.com"
"MS0050","重要なお知らせ50","フリガナ50","tranvan50@gmail.com"
"MS0051","重要なお知らせ51","フリガナ51","tranvan51@gmail.com"
"MS0052","重要なお知らせ52","フリガナ52","tranvan52@gmail.com"
"MS0053","重要なお知らせ53","フリガナ53","tranvan53@gmail.com"
"MS0054","重要なお知らせ54","フリガナ54","tranvan54@gmail.com"
"MS0055","重要なお知らせ55","フリガナ55","tranvan55@gmail.com"
"MS0056","重要なお知らせ56","フリガナ56","tranvan56@gmail.com"
"MS0057","重要なお知らせ57","フリガナ57","tranvan57@gmail.com"
"MS0058","重要なお知らせ58","フリガナ58","tranvan58@gmail.com"
"MS0059","重要なお知らせ59","フリガナ59","tranvan59@gmail.com"
"MS0060","重要なお知らせ60","フリガナ60","tranvan60@gmail.com"
"MS0061","重要なお知らせ61","フリガナ61","tranvan61@gmail.com"
"MS0062","重要なお知らせ62","フリガナ62","tranvan62@gmail.com"
"MS0063","重要なお知らせ63","フリガナ63","tranvan63@gmail.com"
"MS0064","重要なお知らせ64","フリガナ64","tranvan64@gmail.com"
"MS0065","重要なお知らせ65","フリガナ65","tranvan65@gmail.com"
"MS0066","重要なお知らせ66","フリガナ66","tranvan66@gmail.com"
"MS0067","重要なお知らせ67","フリガナ67","tranvan67@gmail.com"
"MS0068","重要なお知らせ68","フリガナ68","tranvan68@gmail.com"
"MS0069","重要なお知らせ69","フリガナ69","tranvan69@gmail.com"
"MS0070","重要なお知らせ70","フリガナ70","tranvan70@gmail.com"
"MS0071","重要なお知らせ71","フリガナ71","tranvan71@gmail.com"
"MS0072","重要なお知らせ72","フリガナ72","tranvan72@gmail.com"
"MS0073","重要なお知らせ73","フリガナ73","tranvan73@gmail.com"
"MS0074","重要なお知らせ74","フリガナ74","tranvan74@gmail.com"
"MS0075","重要なお知らせ75","フリガナ75","tranvan75@gmail.com"
"MS0076","重要なお知らせ76","フリガナ76","tranvan76@gmail.com"
"MS0077","重要なお知らせ77","フリガナ77","tranvan77@gmail.com"
"MS0078","重要なお知らせ78","フリガナ78","tranvan78@gmail.com"
"MS0079","重要なお知らせ79","フリガナ79","tranvan79@gmail.com"
"MS0080","重要なお知らせ80","フリガナ80","tranvan80@gmail.com"
"MS0081","重要なお知らせ81","フリガナ81","tranvan81@gmail.com"
"MS0082","重要なお知らせ82","フリガナ82","tranvan82@gmail.com"
"MS0083","重要なお知らせ83","フリガナ83","tranvan83@gmail.com"
"MS0084","重要なお知らせ84","フリガナ84","tranvan84@gmail.com"
"MS0085","重要なお知らせ85","フリガナ85","tranvan85@gmail.com"
"MS0086","重要なお知らせ86","フリガナ86","tranvan86@gmail.com"
"MS0087","重要なお知らせ87","フリガナ87","tranvan87@gmail.com"
"MS0088","重要なお知らせ88","フリガナ88","tranvan88@gmail.com"
"MS0089","重要なお知らせ89","フリガナ89","tranvan89@gmail.com"
"MS0090","重要なお知らせ90","フリガナ90","tranvan90@gmail.com"
"MS0091","重要なお知らせ91","フリガナ91","tranvan91@gmail.com"
"MS0092","重要なお知らせ92","フリガナ92","tranvan92@gmail.com"
"MS0093","重要なお知らせ93","フリガナ93","tranvan93@gmail.com"
"MS0094","重要なお知らせ94","フリガナ94","tranvan94@gmail.com"
"MS0095","重要なお知らせ95","フリガナ95","tranvan95@gmail.com"
"MS0096","重要なお知らせ96","フリガナ96","tranvan96@gmail.com"
"MS0097","重要なお知らせ97","フリガナ97","tranvan97@gmail.com"
"MS0098","重要なお知らせ98","フリガナ98","tranvan98@gmail.com"
"MS0099","重要なお知らせ99","フリガナ99","tranvan99@gmail.com"
"MS00100","重要なお知らせ100","フリガナ100","tranvan100@gmail.com"
